antibiotic,split,model,encoding,fold,auroc,auprc,mcc,f1,balanced_acc,vme,me
CTX,lineage,LR,label,0,0.6759057971014493,0.6505519251729317,0.3779504272457184,0.5925925925925926,0.6797101449275362,0.4666666666666667,0.17391304347826086
CTX,lineage,LR,label,1,0.6802536231884058,0.577360924558357,0.2460095158897029,0.5046728971962616,0.616304347826087,0.55,0.21739130434782608
CTX,lineage,LR,label,2,0.6907245297075807,0.5867475242941106,0.3846792948901781,0.6461538461538462,0.6965915440491712,0.288135593220339,0.31868131868131866
CTX,lineage,LR,label,3,0.5709836875926841,0.5777876932904336,0.16893728279519232,0.689922480620155,0.5798319327731092,0.25210084033613445,0.5882352941176471
CTX,lineage,LR,label,4,0.7054029304029305,0.6631199252339413,0.36764951084029784,0.6229508196721312,0.6847985347985348,0.36666666666666664,0.26373626373626374
CTX,lineage,SVM,label,0,0.7034420289855072,0.6612960503443932,0.44903385292119585,0.6213592233009708,0.7068840579710145,0.4666666666666667,0.11956521739130435
CTX,lineage,SVM,label,1,0.6358695652173912,0.5332954137151271,0.21203478816820132,0.5,0.6028985507246376,0.5333333333333333,0.2608695652173913
CTX,lineage,SVM,label,2,0.6844850065189049,0.5844532250919987,0.27766136686485815,0.6,0.6416464891041163,0.288135593220339,0.42857142857142855
CTX,lineage,SVM,label,3,0.5387543252595156,0.5578473890633726,0.1895706621211097,0.6827309236947792,0.592436974789916,0.2857142857142857,0.5294117647058824
CTX,lineage,SVM,label,4,0.6816849816849816,0.6687038486555974,0.2944335617215628,0.5535714285714286,0.642948717948718,0.48333333333333334,0.23076923076923078
CTX,lineage,RF,label,0,0.8336050724637681,0.7525587975505357,0.508198766650679,0.6666666666666666,0.7373188405797102,0.4166666666666667,0.10869565217391304
CTX,lineage,RF,label,1,0.7466485507246376,0.7171934774335031,0.46415932586958314,0.6274509803921569,0.7123188405797101,0.4666666666666667,0.10869565217391304
CTX,lineage,RF,label,2,0.7702551685602533,0.6980923691514003,0.4367116725541139,0.6666666666666666,0.7210840007450177,0.3050847457627119,0.25274725274725274
CTX,lineage,RF,label,3,0.4714780029658922,0.5248291763374905,-0.367772839352277,0.05405405405405406,0.3697478991596639,0.9663865546218487,0.29411764705882354
CTX,lineage,RF,label,4,0.776007326007326,0.7207849403491409,0.37601191051755073,0.6218487394957983,0.6874542124542125,0.38333333333333336,0.24175824175824176
CTX,lineage,LR,onehot,0,0.628804347826087,0.5971237532367271,0.33572024108962756,0.5688073394495413,0.6605072463768116,0.48333333333333334,0.1956521739130435
CTX,lineage,LR,onehot,1,0.6990942028985507,0.6016974178940533,0.34899454773899,0.5740740740740741,0.6659420289855073,0.48333333333333334,0.18478260869565216
CTX,lineage,LR,onehot,2,0.6908176569193518,0.5839062494436258,0.3539314481862322,0.6178861788617886,0.6791767554479419,0.3559322033898305,0.2857142857142857
CTX,lineage,LR,onehot,3,0.641769649036085,0.627455203357407,0.3339135484518729,0.7703180212014135,0.634453781512605,0.08403361344537816,0.6470588235294118
CTX,lineage,LR,onehot,4,0.6891941391941392,0.60976515410349,0.31262961377698273,0.5901639344262295,0.6571428571428571,0.4,0.2857142857142857
CTX,lineage,SVM,onehot,0,0.6403985507246377,0.5753316758603405,0.3285969324275391,0.5789473684210527,0.6608695652173913,0.45,0.22826086956521738
CTX,lineage,SVM,onehot,1,0.6434782608695653,0.550722740597103,0.26877649204419884,0.5357142857142857,0.6304347826086957,0.5,0.2391304347826087
CTX,lineage,SVM,onehot,2,0.6809461724715962,0.5628842169577003,0.2699941890816076,0.578125,0.6377351462097225,0.3728813559322034,0.3516483516483517
CTX,lineage,SVM,onehot,3,0.581463173504696,0.5854360858630236,0.23575678324158297,0.7306273062730627,0.604201680672269,0.16806722689075632,0.6235294117647059
CTX,lineage,SVM,onehot,4,0.6554945054945055,0.59181291202919,0.2731213638793375,0.5517241379310345,0.6347985347985348,0.4666666666666667,0.26373626373626374
CTX,lineage,RF,onehot,0,0.8298913043478261,0.7485249370544544,0.4201055824678452,0.5773195876288659,0.6844202898550724,0.5333333333333333,0.09782608695652174
CTX,lineage,RF,onehot,1,0.7482789855072464,0.7303829019346871,0.4493093224075181,0.6138613861386139,0.7039855072463768,0.48333333333333334,0.10869565217391304
CTX,lineage,RF,onehot,2,0.7648537902775191,0.690622723804207,0.41350501640162013,0.656,0.7100949897560067,0.3050847457627119,0.27472527472527475
CTX,lineage,RF,onehot,3,0.5951557093425606,0.5911222792198945,0.4757905719057331,0.8096885813148789,0.6798319327731093,0.01680672268907563,0.6235294117647059
CTX,lineage,RF,onehot,4,0.7847985347985349,0.730376225731795,0.42363496851851684,0.6371681415929203,0.7065934065934065,0.4,0.18681318681318682
