antibiotic,split,model,encoding,fold,isolate,y_true,prob
GEN,lineage,CNN,fcgr,0,H116_S8_L001,1,0.43215558
GEN,lineage,CNN,fcgr,0,H122_S4_L001,1,0.48011822
GEN,lineage,CNN,fcgr,0,H141_S6_L001,0,0.2794205
GEN,lineage,CNN,fcgr,0,H162_S4_L001,1,0.52841663
GEN,lineage,CNN,fcgr,0,H28_S10_L001,0,0.21447983
GEN,lineage,CNN,fcgr,0,NNRBG-17-0196-1_S3,0,0.12841284
GEN,lineage,CNN,fcgr,0,NNRBG-17-0199-1_S5,0,0.12690003
GEN,lineage,CNN,fcgr,0,NNRBG-17-0205-1_S7,0,0.3193903
GEN,lineage,CNN,fcgr,0,NNRBG-17-0319-1_S24,0,0.13572536
GEN,lineage,CNN,fcgr,0,NNRBG-17-0328-1_S25,0,0.13763958
GEN,lineage,CNN,fcgr,0,NNRBG-17-0329-1_S26,0,0.12622276
GEN,lineage,CNN,fcgr,0,NNRBG-17-0399-1_S40,0,0.13579969
GEN,lineage,CNN,fcgr,0,NNSurvcare045_S41,0,0.5979137
GEN,lineage,CNN,fcgr,0,RBB-18-0490-1_S20_L001,0,0.46163633
GEN,lineage,CNN,fcgr,0,RBB-18-0765-1_S191,0,0.38499498
GEN,lineage,CNN,fcgr,0,RBB-18-1488-1_S46,0,0.12186096
GEN,lineage,CNN,fcgr,0,RBB-18-1502-1_S47,1,0.5727352
GEN,lineage,CNN,fcgr,0,RBF-10-0240-1_S12_L001,1,0.12877937
GEN,lineage,CNN,fcgr,0,RBF-16-0064-1_S136,0,0.13927594
GEN,lineage,CNN,fcgr,0,RBF-17-0164-1_S137,0,0.1372908
GEN,lineage,CNN,fcgr,0,RBF-17-0173-1_S138,0,0.13711904
GEN,lineage,CNN,fcgr,0,RBF-17-0194-1_S140,0,0.13535212
GEN,lineage,CNN,fcgr,0,RBF-17-0509-1_S74,0,0.25797683
GEN,lineage,CNN,fcgr,0,RBF-17-0538-1_S82,0,0.31644535
GEN,lineage,CNN,fcgr,0,RBF-17-0550-1_S84,0,0.524946
GEN,lineage,CNN,fcgr,0,RBF-17-0589-1_S92,0,0.1427723
GEN,lineage,CNN,fcgr,0,RBF-17-0602-1_S93,0,0.12007175
GEN,lineage,CNN,fcgr,0,RBF-17-0635-1_S98,1,0.48635584
GEN,lineage,CNN,fcgr,0,RBF-17-0647-1_S99,0,0.1278244
GEN,lineage,CNN,fcgr,0,RBF-17-0651-1_S62,0,0.48866367
GEN,lineage,CNN,fcgr,0,RBF-18-0066-1_S15,0,0.45056212
GEN,lineage,CNN,fcgr,0,RBF-18-0085-1_S21,0,0.10823129
GEN,lineage,CNN,fcgr,0,RBF-18-0086-1_S22,0,0.10534429
GEN,lineage,CNN,fcgr,0,RBF-18-0127-1_S32,0,0.12969238
GEN,lineage,CNN,fcgr,0,RBF-18-0160-1_S37,0,0.5062731
GEN,lineage,CNN,fcgr,0,RBF-18-0184-1_S30,0,0.68008643
GEN,lineage,CNN,fcgr,0,RBF-18-0214-1_S51,0,0.13303629
GEN,lineage,CNN,fcgr,0,RBF-18-0217-1_S54,0,0.14379127
GEN,lineage,CNN,fcgr,0,RBF-18-0405-1_S81_2,0,0.42065004
GEN,lineage,CNN,fcgr,0,RBG-18-0012-1_S3,1,0.48388594
GEN,lineage,CNN,fcgr,0,RBG-18-0017-1_S5,0,0.095424816
GEN,lineage,CNN,fcgr,0,RBG-18-0025-1_S9_L001,0,0.12966704
GEN,lineage,CNN,fcgr,0,RBG-18-0029-1_S40,0,0.124054864
GEN,lineage,CNN,fcgr,0,RBG-18-0055-1_S43,0,0.2411241
GEN,lineage,CNN,fcgr,0,RBG-18-0185-1_S40,0,0.13327144
GEN,lineage,CNN,fcgr,0,RBG-18-0191-1_S11_L001,0,0.13170788
GEN,lineage,CNN,fcgr,0,RBG-18-0221-1_S47,1,0.44474116
GEN,lineage,CNN,fcgr,0,RBG-18-0256-1_S8_L001,0,0.13776796
GEN,lineage,CNN,fcgr,0,RBG-18-0265-1_S49,0,0.1357309
GEN,lineage,CNN,fcgr,0,RBG-18-0301-1_S53,0,0.12989107
GEN,lineage,CNN,fcgr,0,RBG-18-0383-1_S37,1,0.42208412
GEN,lineage,CNN,fcgr,0,RBG-18-0394-1_S23_L001,0,0.12254796
GEN,lineage,CNN,fcgr,0,RBK-16-007-1_S13,0,0.0973231
GEN,lineage,CNN,fcgr,0,RBK-18-0019-1_S195,0,0.12955244
GEN,lineage,CNN,fcgr,0,RBK-18-0037-1_S199,0,0.22382256
GEN,lineage,CNN,fcgr,0,RBK-18-0038-1_S200,0,0.13203758
GEN,lineage,CNN,fcgr,0,RBk-18-0216-1_S231_2,0,0.2098671
GEN,lineage,CNN,fcgr,0,RBK-18-0250-1_S235_2,0,0.25644362
GEN,lineage,CNN,fcgr,0,RBK-18-0414-1_S59,0,0.62464887
GEN,lineage,CNN,fcgr,0,RBL-17-0090-1_S145,0,0.10140798
GEN,lineage,CNN,fcgr,0,RBL-17-0104-1_S149,0,0.1316231
GEN,lineage,CNN,fcgr,0,RBL-17-0117-1_S155,0,0.12716524
GEN,lineage,CNN,fcgr,0,RBL-17-0129-1_S158,0,0.13685082
GEN,lineage,CNN,fcgr,0,RBL-17-0133-1_S159,0,0.13583392
GEN,lineage,CNN,fcgr,0,RBL-17-0135-1_S160,0,0.13527928
GEN,lineage,CNN,fcgr,0,RBL-17-0138-1_S162,0,0.13859415
GEN,lineage,CNN,fcgr,0,RBL-17-0197-1_S173,0,0.11278639
GEN,lineage,CNN,fcgr,0,RBL-17-0235-1_S92,0,0.13398765
GEN,lineage,CNN,fcgr,0,RBL-17-0267-1_S104,0,0.23131998
GEN,lineage,CNN,fcgr,0,RBL-17-0300-1_S112,0,0.11764368
GEN,lineage,CNN,fcgr,0,RBL-17-0366-1_S113,1,0.09676831
GEN,lineage,CNN,fcgr,0,RBL-17-0393-1_S123,0,0.12704417
GEN,lineage,CNN,fcgr,0,RBL-17-0409-1_S127,0,0.12179925
GEN,lineage,CNN,fcgr,0,RBL-17-0411-1_S128,0,0.10385344
GEN,lineage,CNN,fcgr,0,RBL-17-0428-1_S70,0,0.40784302
GEN,lineage,CNN,fcgr,0,RBL-17-0429-1_S130,0,0.12490131
GEN,lineage,CNN,fcgr,0,RBL-18-0010-1_S159,0,0.35962376
GEN,lineage,CNN,fcgr,0,RBL-18-0019-1_S41,0,0.12395849
GEN,lineage,CNN,fcgr,0,RBL-18-0032-1_S167,0,0.13442512
GEN,lineage,CNN,fcgr,0,RBL-18-0055-1_S170,0,0.24438432
GEN,lineage,CNN,fcgr,0,RBT-17-0011-1_S19,0,0.13727355
GEN,lineage,CNN,fcgr,0,RBT-17-0024-1_S23,0,0.13979043
GEN,lineage,CNN,fcgr,0,RBT-17-0033-1_S12,1,0.5160803
GEN,lineage,CNN,fcgr,0,RBT-17-0082-1_S30,0,0.12075347
GEN,lineage,CNN,fcgr,0,RBT-17-0090-1_S32,0,0.12422747
GEN,lineage,CNN,fcgr,0,RBT-17-0097-1_S34,1,0.3607383
GEN,lineage,CNN,fcgr,0,RBT-17-0100-1_S36,0,0.09326394
GEN,lineage,CNN,fcgr,0,RBT-17-0109-1_S40,0,0.13282636
GEN,lineage,CNN,fcgr,0,RBT-17-0142-1_S53,0,0.13468343
GEN,lineage,CNN,fcgr,0,RBT-17-0150-1_S54,0,0.13189036
GEN,lineage,CNN,fcgr,0,RBT-17-0156-1_S56,0,0.5847859
GEN,lineage,CNN,fcgr,0,RBT-17-0183-1_S67,0,0.27116355
GEN,lineage,CNN,fcgr,0,RBT-17-0228-1_S10,0,0.23862039
GEN,lineage,CNN,fcgr,0,RBT-17-0243-1_S11,0,0.13398047
GEN,lineage,CNN,fcgr,0,RBT-17-0337-1_S19,0,0.13124143
GEN,lineage,CNN,fcgr,0,RBT-18-0030-1_S69,0,0.11870894
GEN,lineage,CNN,fcgr,0,RBT-18-0057-1_S38,1,0.37194934
GEN,lineage,CNN,fcgr,0,RBT-18-0066-1_S40,0,0.12511227
GEN,lineage,CNN,fcgr,0,RBT-18-0091-1_S42,0,0.098221436
GEN,lineage,CNN,fcgr,0,RBT-18-0101-1_S22,0,0.3983765
GEN,lineage,CNN,fcgr,0,RBT-18-0113-1_S44,0,0.12668806
GEN,lineage,CNN,fcgr,0,RBT-18-0134-1_S29,0,0.12545054
GEN,lineage,CNN,fcgr,0,RBT-18-0164-1_S34,0,0.09512662
GEN,lineage,CNN,fcgr,0,RBT-18-0184-1_S38,1,0.09609675
GEN,lineage,CNN,fcgr,0,RBT-18-0230-1_S45,0,0.12382381
GEN,lineage,CNN,fcgr,0,RBT-18-0236-1_S48,1,0.09562925
GEN,lineage,CNN,fcgr,0,RBT-18-0252-1_S53,0,0.67858416
GEN,lineage,CNN,fcgr,0,RBT-18-0303-1_S20,1,0.50976694
GEN,lineage,CNN,fcgr,0,RBT-18-0317-1_S27,0,0.1402547
GEN,lineage,CNN,fcgr,0,RBT-18-0360-1_S39,1,0.5015542
GEN,lineage,CNN,fcgr,0,ResetH10_S1_L001,1,0.32463792
GEN,lineage,CNN,fcgr,0,ResetH16_S2_L001,0,0.50862145
GEN,lineage,CNN,fcgr,0,ResetH24a_S3_2_L001,1,0.4314711
GEN,lineage,CNN,fcgr,0,ResetH68_S1_L001,0,0.124762274
GEN,lineage,CNN,fcgr,0,ResetH89_S3_L001,0,0.25013947
GEN,lineage,CNN,fcgr,0,ResetH98_S4_L001,0,0.11835265
GEN,lineage,CNN,fcgr,0,ResetH99_S5_L001,0,0.3311014
GEN,lineage,CNN,fcgr,0,ResetV63_S5_L001,0,0.24642313
GEN,lineage,CNN,fcgr,0,ResetV70_S6_L001,1,0.42626157
GEN,lineage,CNN,fcgr,0,Survcare0111_S29,0,0.3394406
GEN,lineage,CNN,fcgr,0,Survcare130_S2,0,0.13687609
GEN,lineage,CNN,fcgr,0,Survcare230_S17_L001,1,0.41316566
GEN,lineage,CNN,fcgr,0,Survcare234_S3_L001,0,0.118358776
GEN,lineage,CNN,fcgr,0,Survcare317_S5_L001,0,0.5375504
GEN,lineage,CNN,fcgr,0,Survcare337_S12,0,0.2574837
GEN,lineage,CNN,fcgr,0,V168_S9_L001,1,0.670451
GEN,lineage,CNN,fcgr,0,V173_S6_L001,1,0.22484232
GEN,lineage,CNN,fcgr,0,V228_S8_L001,1,0.54482
GEN,lineage,CNN,fcgr,0,V229_S10_L001,1,0.54660994
GEN,lineage,CNN,fcgr,0,V41_S2_L001,1,0.53657216
GEN,lineage,CNN,fcgr,0,V64_S3_L001,0,0.24598217
GEN,lineage,CNN,fcgr,0,V80_S7_L001,0,0.5265211
GEN,lineage,CNN,fcgr,0,V98_S3_L001,1,0.43244874
GEN,lineage,CNN,fcgr,0,W2RBF-17-090-1_S26,0,0.3908078
GEN,lineage,CNN,fcgr,0,W2RBF-17-133-1_S28,0,0.26346785
GEN,lineage,CNN,fcgr,0,wdh-Survcare119_S44,0,0.13418162
GEN,lineage,CNN,fcgr,0,wdhRBF-17-0558-1_S121,0,0.44632012
GEN,lineage,CNN,fcgr,0,wdhRBF-18-0057_S14_L001,0,0.14218037
GEN,lineage,CNN,fcgr,0,wdhRBF-18-0059-1_S15_L001,0,0.13138819
GEN,lineage,CNN,fcgr,0,wdhRBF-18-0081-1_S18_L001,0,0.13789533
GEN,lineage,CNN,fcgr,0,WDHRBG-17-001-1_S82,0,0.09649598
GEN,lineage,CNN,fcgr,0,wNRZ-33910_S81,1,0.4723555
GEN,lineage,CNN,fcgr,0,wRBG-16-026-1_S163,0,0.12798356
GEN,lineage,CNN,fcgr,0,wRBG-16-032-1_S142,0,0.13006338
GEN,lineage,CNN,fcgr,0,wRBG-17-021-1_S166,0,0.13412267
GEN,lineage,CNN,fcgr,0,wRBG-17-022-1_S43,0,0.67004895
GEN,lineage,CNN,fcgr,0,wRBG-17-025-1_S133,0,0.12817565
GEN,lineage,CNN,fcgr,0,wRBG-17-058-1_S130,0,0.13235943
GEN,lineage,CNN,fcgr,0,wRBG-17-072-1_S129,0,0.12432094
GEN,lineage,CNN,fcgr,0,wRBG-17-081-1_S117,0,0.13528161
GEN,lineage,CNN,fcgr,0,wRBG-17-100-1_S104,0,0.48774698
GEN,lineage,CNN,fcgr,0,wRBG-17-102-1_S169,0,0.5564377
GEN,lineage,CNN,fcgr,0,WWSurvcare043_S43,0,0.5860581
GEN,lineage,CNN,fcgr,1,H100_S2_L001,0,0.31498465
GEN,lineage,CNN,fcgr,1,H113_S6_L001,0,0.43251514
GEN,lineage,CNN,fcgr,1,H136_S7_L001,0,0.49484223
GEN,lineage,CNN,fcgr,1,H153_S1_L001,1,0.5537056
GEN,lineage,CNN,fcgr,1,H154_S2_L001,1,0.55204415
GEN,lineage,CNN,fcgr,1,H160_S3_L001,1,0.553296
GEN,lineage,CNN,fcgr,1,H164_S3_L001,1,0.55300814
GEN,lineage,CNN,fcgr,1,H176_S5_L001,0,0.43645594
GEN,lineage,CNN,fcgr,1,NNRBG-17-0294-1_S18,0,0.45142758
GEN,lineage,CNN,fcgr,1,NNRBG-17-0308-1_S20,0,0.4682455
GEN,lineage,CNN,fcgr,1,NNRBG-17-0316-1_S23,0,0.36977053
GEN,lineage,CNN,fcgr,1,NNRBG-17-0382-1_S38,0,0.9719508
GEN,lineage,CNN,fcgr,1,RBB-18-0129-1_S179,0,0.5666775
GEN,lineage,CNN,fcgr,1,RBB-18-0519-1_S184,0,0.5224435
GEN,lineage,CNN,fcgr,1,RBB-18-0772-1_S192,0,0.6411806
GEN,lineage,CNN,fcgr,1,RBB-18-0826-1_S193,0,0.46243215
GEN,lineage,CNN,fcgr,1,RBB-18-1086-1_S189_2,0,0.4521636
GEN,lineage,CNN,fcgr,1,RBB-18-1312-1_S43,0,0.51672435
GEN,lineage,CNN,fcgr,1,RBF-17-0508-1_S73,0,0.4581089
GEN,lineage,CNN,fcgr,1,RBF-17-0520-2_S55,1,0.5634569
GEN,lineage,CNN,fcgr,1,RBF-17-0540-1_S83,0,0.4515189
GEN,lineage,CNN,fcgr,1,RBF-17-0653-1_S101,0,0.21147662
GEN,lineage,CNN,fcgr,1,RBF-17-277-1_S73,0,0.45549622
GEN,lineage,CNN,fcgr,1,RBF-18-0036-1_S7,0,0.24012466
GEN,lineage,CNN,fcgr,1,RBF-18-0055-1_S11,0,0.47785375
GEN,lineage,CNN,fcgr,1,RBF-18-0087-1_S23,0,0.4401941
GEN,lineage,CNN,fcgr,1,RBF-18-0121-1_S28,1,0.4983269
GEN,lineage,CNN,fcgr,1,RBF-18-0126-1_S31,0,0.47330585
GEN,lineage,CNN,fcgr,1,RBF-18-0151-1_S83,0,0.46285388
GEN,lineage,CNN,fcgr,1,RBF-18-0172-1_S40,1,0.4961718
GEN,lineage,CNN,fcgr,1,RBF-18-0251-1_S55,0,0.6459683
GEN,lineage,CNN,fcgr,1,RBF-18-0310-1_S36,0,0.49614587
GEN,lineage,CNN,fcgr,1,RBF-18-0333-1_S70,0,0.37357253
GEN,lineage,CNN,fcgr,1,RBF-18-0338-1_S72,0,0.24123457
GEN,lineage,CNN,fcgr,1,RBF-18-0664-1_S190,0,0.6433487
GEN,lineage,CNN,fcgr,1,RBG-17-013-1_S16,1,0.6643743
GEN,lineage,CNN,fcgr,1,RBG-17-0269-1_S41,0,0.5315979
GEN,lineage,CNN,fcgr,1,RBG-17-0284-1_S59,0,0.5559877
GEN,lineage,CNN,fcgr,1,RBG-18-0023-1_S2,1,0.46816313
GEN,lineage,CNN,fcgr,1,RBG-18-0041-1_S6,0,0.541594
GEN,lineage,CNN,fcgr,1,RBG-18-0054-1_S42,0,0.35462815
GEN,lineage,CNN,fcgr,1,RBG-18-0071-1_S44,0,0.539708
GEN,lineage,CNN,fcgr,1,RBG-18-0076-1_S10,0,0.5637516
GEN,lineage,CNN,fcgr,1,RBG-18-0113-1_S13_L001,0,0.31904134
GEN,lineage,CNN,fcgr,1,RBG-18-0193-1_S8,0,0.36052766
GEN,lineage,CNN,fcgr,1,RBG-18-0202-1_S13_L001,0,0.45453376
GEN,lineage,CNN,fcgr,1,RBG-18-0206-2_S46,0,0.47135538
GEN,lineage,CNN,fcgr,1,RBG-18-0209-2_S46,0,0.23250172
GEN,lineage,CNN,fcgr,1,RBG-18-0211-1_S35,0,0.47480878
GEN,lineage,CNN,fcgr,1,RBG-18-0347-1_S22_L001,0,0.5213809
GEN,lineage,CNN,fcgr,1,RBG-18-0358-1_S39,0,0.35306185
GEN,lineage,CNN,fcgr,1,RBG-18-0367-1_S57,0,0.42859593
GEN,lineage,CNN,fcgr,1,RBG-18-0402-1_S50,0,0.5187136
GEN,lineage,CNN,fcgr,1,RBK-16-073-1_S14,0,0.64541733
GEN,lineage,CNN,fcgr,1,RBK-16-079-1_S15,1,0.46059984
GEN,lineage,CNN,fcgr,1,RBK-17-0595-1_S187,0,0.62715703
GEN,lineage,CNN,fcgr,1,RBK-18-0020-1_S19,0,0.3628826
GEN,lineage,CNN,fcgr,1,RBK-18-0644-1_S180,0,0.34896767
GEN,lineage,CNN,fcgr,1,RBL-17-0076-1_S32,0,0.43138477
GEN,lineage,CNN,fcgr,1,RBL-17-0095-1_S147,0,0.46287248
GEN,lineage,CNN,fcgr,1,RBL-17-0144-1_S163,0,0.46465844
GEN,lineage,CNN,fcgr,1,RBL-17-0232-1_S91,0,0.50141484
GEN,lineage,CNN,fcgr,1,RBL-17-0246-1_S94,1,0.37143224
GEN,lineage,CNN,fcgr,1,RBL-17-0263-1_S102,0,0.45951137
GEN,lineage,CNN,fcgr,1,RBL-17-0283-1_S27,0,0.46089557
GEN,lineage,CNN,fcgr,1,RBL-17-0328-1_S117,0,0.38380128
GEN,lineage,CNN,fcgr,1,RBL-17-0349-1_S105,0,0.46510977
GEN,lineage,CNN,fcgr,1,RBL-17-0365-1_S112,0,0.33167028
GEN,lineage,CNN,fcgr,1,RBL-17-0374-1_S116,0,0.46199283
GEN,lineage,CNN,fcgr,1,RBL-17-0383-1_S119,0,0.47187093
GEN,lineage,CNN,fcgr,1,RBL-17-0397-1_S125,0,0.47307152
GEN,lineage,CNN,fcgr,1,RBT-16-0045-1_S58,0,0.6313095
GEN,lineage,CNN,fcgr,1,RBT-17-0008-1_S18,0,0.45839503
GEN,lineage,CNN,fcgr,1,RBT-17-0079-1_S29,0,0.47135007
GEN,lineage,CNN,fcgr,1,RBT-17-0084-1_S31,0,0.47211748
GEN,lineage,CNN,fcgr,1,RBT-17-0112-1_S41,0,0.21058597
GEN,lineage,CNN,fcgr,1,RBT-17-0113-1_S42,0,0.47069073
GEN,lineage,CNN,fcgr,1,RBT-17-0130-1_S27,0,0.48495936
GEN,lineage,CNN,fcgr,1,RBT-17-0163-1_S59,0,0.45525584
GEN,lineage,CNN,fcgr,1,RBT-17-0167-1_S27,0,0.45071808
GEN,lineage,CNN,fcgr,1,RBT-17-0173-1_S63,0,0.44749734
GEN,lineage,CNN,fcgr,1,RBT-17-0177-1_S65,0,0.54552627
GEN,lineage,CNN,fcgr,1,RBT-17-0177-2_S7,0,0.54244906
GEN,lineage,CNN,fcgr,1,RBT-17-0217-1_S7,1,0.57596755
GEN,lineage,CNN,fcgr,1,RBT-17-0225-1_S9,0,0.47560087
GEN,lineage,CNN,fcgr,1,RBT-17-0279-1_S12,0,0.3760315
GEN,lineage,CNN,fcgr,1,RBT-17-0287-1_S10,0,0.6101067
GEN,lineage,CNN,fcgr,1,RBT-18-0045-1_S70,0,0.5176897
GEN,lineage,CNN,fcgr,1,RBT-18-0050-1_S34,0,0.4629539
GEN,lineage,CNN,fcgr,1,RBT-18-0052-1_S35,0,0.457422
GEN,lineage,CNN,fcgr,1,RBT-18-0064-1_S15,0,0.5636162
GEN,lineage,CNN,fcgr,1,RBT-18-0080-1_S49,1,0.50339055
GEN,lineage,CNN,fcgr,1,RBT-18-0100-1_S21,0,0.5612917
GEN,lineage,CNN,fcgr,1,RBT-18-0103-1_S24,0,0.4812962
GEN,lineage,CNN,fcgr,1,RBT-18-0115-1_S45,0,0.21231444
GEN,lineage,CNN,fcgr,1,RBT-18-0120-1_S48,0,0.56190586
GEN,lineage,CNN,fcgr,1,RBT-18-0127-1_S51,0,0.46619508
GEN,lineage,CNN,fcgr,1,RBT-18-0129-1_S52,0,0.49893564
GEN,lineage,CNN,fcgr,1,RBT-18-0181-1_S61,0,0.5297286
GEN,lineage,CNN,fcgr,1,RBT-18-0197-1_S40,0,0.45350996
GEN,lineage,CNN,fcgr,1,RBT-18-0224-1_S43,0,0.47149357
GEN,lineage,CNN,fcgr,1,RBT-18-0231-1_S14,0,0.37146807
GEN,lineage,CNN,fcgr,1,RBT-18-0241-1_S50,0,0.32290182
GEN,lineage,CNN,fcgr,1,RBT-18-0246-1_S52,0,0.44207326
GEN,lineage,CNN,fcgr,1,RBT-18-0269-1_S61,0,0.44188747
GEN,lineage,CNN,fcgr,1,RBT-18-0271-1_S62,0,0.4774909
GEN,lineage,CNN,fcgr,1,RBT-18-0293-1_S71,0,0.47255823
GEN,lineage,CNN,fcgr,1,RBT-18-0339-1_S47,0,0.45206165
GEN,lineage,CNN,fcgr,1,RBT-18-0341-1_S24,0,0.55070156
GEN,lineage,CNN,fcgr,1,RBT-18-0361-1_S38,0,0.4541017
GEN,lineage,CNN,fcgr,1,RBT-18-0365-1_S30,0,0.36597997
GEN,lineage,CNN,fcgr,1,ResetH152_S4_L001,1,0.55228496
GEN,lineage,CNN,fcgr,1,ResetH93_S5_L001,1,0.5720809
GEN,lineage,CNN,fcgr,1,ResetV74_S7_L001,0,0.5880611
GEN,lineage,CNN,fcgr,1,Survcare104_S16_L001,1,0.52981997
GEN,lineage,CNN,fcgr,1,Survcare133_S25,0,0.62649393
GEN,lineage,CNN,fcgr,1,Survcare134_S26,0,0.626176
GEN,lineage,CNN,fcgr,1,Survcare140_S4_L001,0,0.6229885
GEN,lineage,CNN,fcgr,1,Survcare176_S17_L001,1,0.5384024
GEN,lineage,CNN,fcgr,1,Survcare190_S35,1,0.3809955
GEN,lineage,CNN,fcgr,1,Survcare221_S7_L001,0,0.46299922
GEN,lineage,CNN,fcgr,1,Survcare292_S39,0,0.6647043
GEN,lineage,CNN,fcgr,1,Survcare303_S15_L001,0,0.63289845
GEN,lineage,CNN,fcgr,1,Survcare360_S84,0,0.48756576
GEN,lineage,CNN,fcgr,1,V114_S5_L001,0,0.6429573
GEN,lineage,CNN,fcgr,1,V116_S6_L001,0,0.5166408
GEN,lineage,CNN,fcgr,1,V120_S5_L001,1,0.5622195
GEN,lineage,CNN,fcgr,1,V123_S1_L001,0,0.3660332
GEN,lineage,CNN,fcgr,1,V131_S7_L001,1,0.62521785
GEN,lineage,CNN,fcgr,1,V163_S6_L001,1,0.52424467
GEN,lineage,CNN,fcgr,1,V195_S1_L001,1,0.5656731
GEN,lineage,CNN,fcgr,1,V201_S4_L001,0,0.64219826
GEN,lineage,CNN,fcgr,1,V205_S3_L001,0,0.55727285
GEN,lineage,CNN,fcgr,1,V232_S3_L001,0,0.20823304
GEN,lineage,CNN,fcgr,1,V238_S11_L001,1,0.53398395
GEN,lineage,CNN,fcgr,1,V73_S5_L001,1,0.5204393
GEN,lineage,CNN,fcgr,1,V8_S7_L001,0,0.5931893
GEN,lineage,CNN,fcgr,1,V86_S1_L001,1,0.5229209
GEN,lineage,CNN,fcgr,1,V96_S2_L001,1,0.52127796
GEN,lineage,CNN,fcgr,1,wdh-RBL-17-0431-1_S46,0,0.6288363
GEN,lineage,CNN,fcgr,1,wdh2NRZ-29911a_S31,1,0.37065247
GEN,lineage,CNN,fcgr,1,wdhRBF-18-0025-1_S11_L001,0,0.5023673
GEN,lineage,CNN,fcgr,1,wdhRBF-18-0048-1_S12_L001,0,0.56442034
GEN,lineage,CNN,fcgr,1,WDHRBG-16-060-1_S27,0,0.36472988
GEN,lineage,CNN,fcgr,1,WDHRBG-17-121-1_S46,0,0.31674007
GEN,lineage,CNN,fcgr,1,WDHRBG-17-122-1_S48,0,0.57953876
GEN,lineage,CNN,fcgr,1,wRBG-16-034-1_S164,0,0.50595194
GEN,lineage,CNN,fcgr,1,wRBG-17-014-1_S167,0,0.3782175
GEN,lineage,CNN,fcgr,1,wRBG-17-034-1_S121,0,0.3439062
GEN,lineage,CNN,fcgr,1,wRBG-17-052-1_S120,0,0.45895314
GEN,lineage,CNN,fcgr,1,wRBG-17-082-1_S106,1,0.46850708
GEN,lineage,CNN,fcgr,1,wRBG-17-112-1_S146,0,0.4663344
GEN,lineage,CNN,fcgr,1,wwRBF-16-094-1_S13,0,0.4761071
GEN,lineage,CNN,fcgr,2,H108_S5_L001,0,0.60272634
GEN,lineage,CNN,fcgr,2,H109_S2_L001,0,0.5376702
GEN,lineage,CNN,fcgr,2,H123_S1_L001,1,0.5975337
GEN,lineage,CNN,fcgr,2,H130_S2_L001,1,0.6068777
GEN,lineage,CNN,fcgr,2,H17_S2_L001,0,0.30843467
GEN,lineage,CNN,fcgr,2,H37_S3_L001,0,0.3175547
GEN,lineage,CNN,fcgr,2,H50_S7_L001,1,0.17222503
GEN,lineage,CNN,fcgr,2,NNRBG-17-0198-1_S4,0,0.17816694
GEN,lineage,CNN,fcgr,2,NNRBG-17-0201-1_S6,0,0.10017397
GEN,lineage,CNN,fcgr,2,NNRBG-17-0227-1_S8,0,0.08372489
GEN,lineage,CNN,fcgr,2,NNRBG-17-0239-1_S10,0,0.11639403
GEN,lineage,CNN,fcgr,2,NNRBG-17-0255-1_S14,0,0.71542436
GEN,lineage,CNN,fcgr,2,NNRBG-17-0278-1_S16,0,0.26754484
GEN,lineage,CNN,fcgr,2,RBB-18-0674-1_S189,1,0.30736846
GEN,lineage,CNN,fcgr,2,RBB-18-0892-1_S80_2,1,0.28772202
GEN,lineage,CNN,fcgr,2,RBB-18-1212-1_S67_2,0,0.2994889
GEN,lineage,CNN,fcgr,2,RBB-18-1406-1_S49,0,0.27948806
GEN,lineage,CNN,fcgr,2,RBB-19-0014-1_S44,0,0.38484687
GEN,lineage,CNN,fcgr,2,RBBK18-0189-1_S24_L001,1,0.68390816
GEN,lineage,CNN,fcgr,2,RBF-17-0195-1_S141,0,0.57621425
GEN,lineage,CNN,fcgr,2,RBF-17-0587-1_S91,0,0.110665
GEN,lineage,CNN,fcgr,2,RBF-17-0605-1_S94,0,0.6097095
GEN,lineage,CNN,fcgr,2,RBF-17-0614-3_S95,0,0.07512851
GEN,lineage,CNN,fcgr,2,RBF-17-0645-1_S61,0,0.6750658
GEN,lineage,CNN,fcgr,2,RBF-17-0648-1_S100,0,0.62150174
GEN,lineage,CNN,fcgr,2,RBF-17-0664-1_S63,0,0.15669465
GEN,lineage,CNN,fcgr,2,RBF-18-0013-1_S25_L001,0,0.10947603
GEN,lineage,CNN,fcgr,2,RBF-18-0072-1_S16,0,0.08547878
GEN,lineage,CNN,fcgr,2,RBF-18-0123-1_S25_L001,0,0.72786176
GEN,lineage,CNN,fcgr,2,RBF-18-0192-1_S44,0,0.28561157
GEN,lineage,CNN,fcgr,2,RBF-18-0201-1_S49,0,0.15335679
GEN,lineage,CNN,fcgr,2,RBF-18-0253-1_S13_L001,0,0.65080565
GEN,lineage,CNN,fcgr,2,RBF-18-0280-1_S62,0,0.6302124
GEN,lineage,CNN,fcgr,2,RBF-18-0294-1_S64,0,0.11038272
GEN,lineage,CNN,fcgr,2,RBF-18-0296-1_S17,0,0.11296092
GEN,lineage,CNN,fcgr,2,RBG-18-0085-1_S11,1,0.56114054
GEN,lineage,CNN,fcgr,2,RBG-18-0140-1_S14_L001,0,0.6064659
GEN,lineage,CNN,fcgr,2,RBG-18-0144-1_S38,0,0.11578939
GEN,lineage,CNN,fcgr,2,RBG-18-0170-1_S41,0,0.07821057
GEN,lineage,CNN,fcgr,2,RBG-18-0204-1_S23_L001,0,0.14865729
GEN,lineage,CNN,fcgr,2,RBG-18-0223-1_S2,0,0.07569803
GEN,lineage,CNN,fcgr,2,RBG-18-0276-1_S50,0,0.46967155
GEN,lineage,CNN,fcgr,2,RBG-18-0280-1_S51,0,0.30773523
GEN,lineage,CNN,fcgr,2,RBG-18-0300-1_S52,0,0.109992996
GEN,lineage,CNN,fcgr,2,RBG-18-0352-1_S21_L001,0,0.10692737
GEN,lineage,CNN,fcgr,2,RBK-18-0002-1_S38,1,0.12252878
GEN,lineage,CNN,fcgr,2,RBK-18-0005-1_S18,0,0.11754293
GEN,lineage,CNN,fcgr,2,RBK-18-0047-1_S20,0,0.6005207
GEN,lineage,CNN,fcgr,2,RBK-18-0062-2_S203,0,0.69001186
GEN,lineage,CNN,fcgr,2,RBK-18-0080-1_S205,0,0.16185637
GEN,lineage,CNN,fcgr,2,RBL-17-0101-1_S148,0,0.07516341
GEN,lineage,CNN,fcgr,2,RBL-17-0108-1_S151,0,0.09739415
GEN,lineage,CNN,fcgr,2,RBL-17-0116-1_S154,0,0.119525276
GEN,lineage,CNN,fcgr,2,RBL-17-0123-1_S157,0,0.16747689
GEN,lineage,CNN,fcgr,2,RBL-17-0155-1_S165,0,0.46580037
GEN,lineage,CNN,fcgr,2,RBL-17-0159-1_S166,0,0.26130486
GEN,lineage,CNN,fcgr,2,RBL-17-0165-1_S167,0,0.4976321
GEN,lineage,CNN,fcgr,2,RBL-17-0205-1_S175,0,0.10630238
GEN,lineage,CNN,fcgr,2,RBL-17-0256-1_S98,0,0.506143
GEN,lineage,CNN,fcgr,2,RBL-17-0259-1_S99,0,0.12568566
GEN,lineage,CNN,fcgr,2,RBL-17-0274-2_S105,0,0.4056483
GEN,lineage,CNN,fcgr,2,RBL-17-0324-1_S54,0,0.5027117
GEN,lineage,CNN,fcgr,2,RBL-17-0340-1_S102,0,0.08814718
GEN,lineage,CNN,fcgr,2,RBL-17-0342-1_S103,0,0.12489677
GEN,lineage,CNN,fcgr,2,RBL-17-0347-1_S104,0,0.08515037
GEN,lineage,CNN,fcgr,2,RBL-17-0368-1_S114,0,0.0891494
GEN,lineage,CNN,fcgr,2,RBL-17-0375-1_S117,0,0.3118558
GEN,lineage,CNN,fcgr,2,RBL-17-0395-1_S124,0,0.09167947
GEN,lineage,CNN,fcgr,2,RBL-17-0402-1_S126,0,0.09096845
GEN,lineage,CNN,fcgr,2,RBL-17-0434-1_S133,0,0.51816756
GEN,lineage,CNN,fcgr,2,RBL-17-0435-1_S134,0,0.10960746
GEN,lineage,CNN,fcgr,2,RBL-18-0016-1_S161,0,0.101264395
GEN,lineage,CNN,fcgr,2,RBL-18-0022-1_S43,0,0.08655362
GEN,lineage,CNN,fcgr,2,RBL-18-0066-1_S173,0,0.10614697
GEN,lineage,CNN,fcgr,2,RBL-18-0085-1_S176,0,0.100287095
GEN,lineage,CNN,fcgr,2,RBL-18-0131-1_S188_2,1,0.7474267
GEN,lineage,CNN,fcgr,2,RBT-17-0003-1_S16,0,0.08587994
GEN,lineage,CNN,fcgr,2,RBT-17-0019-1_S62,0,0.3038417
GEN,lineage,CNN,fcgr,2,RBT-17-0023-1_S25,0,0.6111417
GEN,lineage,CNN,fcgr,2,RBT-17-0124-1_S46,0,0.1821891
GEN,lineage,CNN,fcgr,2,RBT-17-0165-1_S60,0,0.11562084
GEN,lineage,CNN,fcgr,2,RBT-17-0174-1_S64,0,0.081390426
GEN,lineage,CNN,fcgr,2,RBT-17-0194-1_S30,0,0.12646574
GEN,lineage,CNN,fcgr,2,RBT-17-0210-1_S55,0,0.11208739
GEN,lineage,CNN,fcgr,2,RBT-17-0219-1_S8,0,0.32577002
GEN,lineage,CNN,fcgr,2,RBT-17-0232-1_S58,1,0.68753403
GEN,lineage,CNN,fcgr,2,RBT-17-0238-1_S59,0,0.14337876
GEN,lineage,CNN,fcgr,2,RBT-17-0239-1_S60,0,0.07713095
GEN,lineage,CNN,fcgr,2,RBT-17-0251-1_S62,1,0.29555884
GEN,lineage,CNN,fcgr,2,RBT-17-0270-1_S65,0,0.3072651
GEN,lineage,CNN,fcgr,2,RBT-17-0295-1_S15,0,0.075486876
GEN,lineage,CNN,fcgr,2,RBT-18-0023-1_S14,0,0.12239742
GEN,lineage,CNN,fcgr,2,RBT-18-0027-1_S68,0,0.07654175
GEN,lineage,CNN,fcgr,2,RBT-18-0071-1_S41,0,0.735116
GEN,lineage,CNN,fcgr,2,RBT-18-0079-1_S16,0,0.074015334
GEN,lineage,CNN,fcgr,2,RBT-18-0095-1_S19,0,0.10428916
GEN,lineage,CNN,fcgr,2,RBT-18-0096-1_S20,0,0.10791478
GEN,lineage,CNN,fcgr,2,RBT-18-0116-1_S46,0,0.3210898
GEN,lineage,CNN,fcgr,2,RBT-18-0121-1_S28,0,0.0796234
GEN,lineage,CNN,fcgr,2,RBT-18-0125-1_S50,0,0.078405514
GEN,lineage,CNN,fcgr,2,RBT-18-0133-1_S30,0,0.08398274
GEN,lineage,CNN,fcgr,2,RBT-18-0146-1_S55,0,0.17713359
GEN,lineage,CNN,fcgr,2,RBT-18-0173-1_S35,0,0.11087976
GEN,lineage,CNN,fcgr,2,RBT-18-0185-1_S39,0,0.08629516
GEN,lineage,CNN,fcgr,2,RBT-18-0232-1_S47,0,0.7271606
GEN,lineage,CNN,fcgr,2,RBT-18-0251-1_S7,0,0.10412755
GEN,lineage,CNN,fcgr,2,RBT-18-0253-1_S54,1,0.26951236
GEN,lineage,CNN,fcgr,2,RBT-18-0288-1_S68,0,0.3179626
GEN,lineage,CNN,fcgr,2,RBT-18-0292-1_S70,0,0.09190044
GEN,lineage,CNN,fcgr,2,RBT-18-0325-1_S44,0,0.18647803
GEN,lineage,CNN,fcgr,2,RBT-18-0338-1_S35,0,0.07336185
GEN,lineage,CNN,fcgr,2,RBT-18-0358-1_S28,0,0.07459578
GEN,lineage,CNN,fcgr,2,RBT-18-0368-1_S32,0,0.07246178
GEN,lineage,CNN,fcgr,2,RBT-18-0370-1_S33,0,0.5935103
GEN,lineage,CNN,fcgr,2,ResetH1_S1_L001,0,0.33023363
GEN,lineage,CNN,fcgr,2,ResetH134_S8_L001,0,0.4149951
GEN,lineage,CNN,fcgr,2,ResetH139_S3_L001,0,0.6066259
GEN,lineage,CNN,fcgr,2,ResetH30_S4_L001,0,0.75505966
GEN,lineage,CNN,fcgr,2,ResetH45_S5_L001,0,0.17870378
GEN,lineage,CNN,fcgr,2,ResetV105_S1_L001,0,0.6345628
GEN,lineage,CNN,fcgr,2,ResetV76_S7_L001,0,0.22828768
GEN,lineage,CNN,fcgr,2,Survcare0114_S37,0,0.32982248
GEN,lineage,CNN,fcgr,2,Survcare129_S1,0,0.08312374
GEN,lineage,CNN,fcgr,2,Survcare184_S19,1,0.13647243
GEN,lineage,CNN,fcgr,2,Survcare254_S36,0,0.3060346
GEN,lineage,CNN,fcgr,2,Survcare262_S23_L001,1,0.53527445
GEN,lineage,CNN,fcgr,2,Survcare275_S38,1,0.13961153
GEN,lineage,CNN,fcgr,2,Survcare289_S36,1,0.6586389
GEN,lineage,CNN,fcgr,2,Survcare291_S38,1,0.14323622
GEN,lineage,CNN,fcgr,2,Survcare293_S40,1,0.6564708
GEN,lineage,CNN,fcgr,2,Survcare309_S20_L001,1,0.6559934
GEN,lineage,CNN,fcgr,2,Survcare313_S24_L001,1,0.398405
GEN,lineage,CNN,fcgr,2,Survcare318_S20_L001,0,0.317766
GEN,lineage,CNN,fcgr,2,Survcare319_S16,0,0.36347878
GEN,lineage,CNN,fcgr,2,Survcare350_S44,0,0.379018
GEN,lineage,CNN,fcgr,2,V1_S6_L001,1,0.6991035
GEN,lineage,CNN,fcgr,2,V152_S3_L001,1,0.091350555
GEN,lineage,CNN,fcgr,2,V172_S5_L001,1,0.4195259
GEN,lineage,CNN,fcgr,2,V177_S6_L001,0,0.44674787
GEN,lineage,CNN,fcgr,2,V279_S8_L001,1,0.6279489
GEN,lineage,CNN,fcgr,2,V283_S5_L001,1,0.6508206
GEN,lineage,CNN,fcgr,2,V292_S6_L001,1,0.29357737
GEN,lineage,CNN,fcgr,2,V40_S2_L001,1,0.693988
GEN,lineage,CNN,fcgr,2,V79_S6_L001,0,0.696253
GEN,lineage,CNN,fcgr,2,V9_S1_L001,1,0.69387347
GEN,lineage,CNN,fcgr,2,wdh-RBB-16-025-1_S20,0,0.22020307
GEN,lineage,CNN,fcgr,2,wdh-RBL-17-0361-1_S44,0,0.096515276
GEN,lineage,CNN,fcgr,2,WDHRBG-17-0093-1_S1,0,0.5048849
GEN,lineage,CNN,fcgr,2,wNRZ-32446_S79,1,0.16725379
GEN,lineage,CNN,fcgr,2,wRBG-17-023-1_S155,0,0.099897176
GEN,lineage,CNN,fcgr,2,wRBG-17-075-1_S96,0,0.12267869
GEN,lineage,CNN,fcgr,2,wwRBF-17-148-1_S27,0,0.07259776
GEN,lineage,CNN,fcgr,2,wwRBK-17-0278-1_S41,0,0.35322663
GEN,lineage,CNN,fcgr,2,wwRBL-16-111-1_S16,0,0.7293177
GEN,lineage,CNN,fcgr,3,H105_S3_L001,0,0.08523067
GEN,lineage,CNN,fcgr,3,H148_S4_L001,1,0.0894129
GEN,lineage,CNN,fcgr,3,H3_S1_L001,0,0.088869505
GEN,lineage,CNN,fcgr,3,H51_S5_L001,0,0.08639723
GEN,lineage,CNN,fcgr,3,H53_S4_L001,0,0.084872
GEN,lineage,CNN,fcgr,3,H71_S1_L001,1,0.07994989
GEN,lineage,CNN,fcgr,3,H86_S1_L001,1,0.08934789
GEN,lineage,CNN,fcgr,3,NNRBG-17-0191-1_S1,1,0.08999481
GEN,lineage,CNN,fcgr,3,NNRBG-17-0234-1_S9,0,0.09051601
GEN,lineage,CNN,fcgr,3,NNRBG-17-0242-1_S11,0,0.087821834
GEN,lineage,CNN,fcgr,3,NNRBG-17-0249-1_S13,0,0.09170653
GEN,lineage,CNN,fcgr,3,NNRBG-17-0287-1_S17,0,0.3543728
GEN,lineage,CNN,fcgr,3,NNRBG-17-0378-1_S37,1,0.087569974
GEN,lineage,CNN,fcgr,3,RBB-17-011-1_S40,0,0.0847569
GEN,lineage,CNN,fcgr,3,RBB-17-171-1_S52,0,0.122398235
GEN,lineage,CNN,fcgr,3,RBB-18-0537-1_S21_L001,0,0.08670838
GEN,lineage,CNN,fcgr,3,RBB-18-0668-1_S188,1,0.085847594
GEN,lineage,CNN,fcgr,3,RBB-18-1309-1_S42,1,0.08852395
GEN,lineage,CNN,fcgr,3,RBB-18-1460-1_S45,1,0.08780532
GEN,lineage,CNN,fcgr,3,RBF-16-004-1_S18,0,0.09193003
GEN,lineage,CNN,fcgr,3,RBF-16-060-1_S22,0,0.08501336
GEN,lineage,CNN,fcgr,3,RBF-17-0340-1_S81,0,0.08514256
GEN,lineage,CNN,fcgr,3,RBF-17-0438-1_S9,1,0.0847569
GEN,lineage,CNN,fcgr,3,RBF-17-0467-1_S12,0,0.08625017
GEN,lineage,CNN,fcgr,3,RBF-17-0489-1_S13,0,0.087370574
GEN,lineage,CNN,fcgr,3,RBF-17-0513-1_S76,0,0.6408704
GEN,lineage,CNN,fcgr,3,RBF-17-0521-1_S78,0,0.085621916
GEN,lineage,CNN,fcgr,3,RBF-17-0537-1_S56,1,0.08618687
GEN,lineage,CNN,fcgr,3,RBF-17-0553-1_S85,0,0.09140452
GEN,lineage,CNN,fcgr,3,RBF-17-0572-2_S89,0,0.09625486
GEN,lineage,CNN,fcgr,3,RBF-17-067-1_S54,1,0.0879045
GEN,lineage,CNN,fcgr,3,RBF-17-094-1_S56,1,0.08729378
GEN,lineage,CNN,fcgr,3,RBF-17-170-1_S66,1,0.08964814
GEN,lineage,CNN,fcgr,3,RBF-17-186-1_S69,1,0.0847569
GEN,lineage,CNN,fcgr,3,RBF-17-318-1_S77,1,0.08938906
GEN,lineage,CNN,fcgr,3,RBF-18-0019-1_S2,1,0.08757264
GEN,lineage,CNN,fcgr,3,RBF-18-0035-1_S6,0,0.48093525
GEN,lineage,CNN,fcgr,3,RBF-18-0068-1_S77,0,0.08828955
GEN,lineage,CNN,fcgr,3,RBF-18-0075-1_S79,1,0.08461145
GEN,lineage,CNN,fcgr,3,RBF-18-0125-1_S30,0,0.36976132
GEN,lineage,CNN,fcgr,3,RBF-18-0139-1_S35,0,0.37386435
GEN,lineage,CNN,fcgr,3,RBF-18-0173-1_S27,0,0.08895721
GEN,lineage,CNN,fcgr,3,RBF-18-0174-1_S28,1,0.08857959
GEN,lineage,CNN,fcgr,3,RBF-18-0179-1_S29,0,0.5140355
GEN,lineage,CNN,fcgr,3,RBF-18-0187-1_S31,0,0.08585965
GEN,lineage,CNN,fcgr,3,RBF-18-0194-1_S86,0,0.09975698
GEN,lineage,CNN,fcgr,3,RBF-18-0196-1_S46,0,0.087615706
GEN,lineage,CNN,fcgr,3,RBF-18-0199-1_S47,0,0.0857403
GEN,lineage,CNN,fcgr,3,RBF-18-0227-1_S53,0,0.08712272
GEN,lineage,CNN,fcgr,3,RBF-18-0277-1_S61,0,0.08722426
GEN,lineage,CNN,fcgr,3,RBF-18-0585-1_S48,0,0.084291585
GEN,lineage,CNN,fcgr,3,RBF-18-0714-2_S204_2,0,0.09041141
GEN,lineage,CNN,fcgr,3,RBG-17-0351-1_S20_L001,0,0.08933446
GEN,lineage,CNN,fcgr,3,RBG-17-0383-1_S44,0,0.08309694
GEN,lineage,CNN,fcgr,3,RBg-17-123-2_S12,0,0.60252106
GEN,lineage,CNN,fcgr,3,RBG-18-0004-1_S1,0,0.0847569
GEN,lineage,CNN,fcgr,3,RBG-18-0072-1_S8,0,0.09076515
GEN,lineage,CNN,fcgr,3,RBG-18-0099-1_S14,0,0.0847569
GEN,lineage,CNN,fcgr,3,RBG-18-0129-1_S15_L001,0,0.084725894
GEN,lineage,CNN,fcgr,3,RBG-18-0153-1_S14,0,0.08403236
GEN,lineage,CNN,fcgr,3,RBG-18-0177-1_S17_L001,1,0.08681705
GEN,lineage,CNN,fcgr,3,RBG-18-0200-1_S18_L001,1,0.084278986
GEN,lineage,CNN,fcgr,3,RBG-18-0224-1_S24_L001,1,0.086113855
GEN,lineage,CNN,fcgr,3,RBG-18-0279-1_S36,0,0.08535243
GEN,lineage,CNN,fcgr,3,RBG-18-0289-1_S37,1,0.09052316
GEN,lineage,CNN,fcgr,3,RBG-18-0380-1_S48,0,0.0847569
GEN,lineage,CNN,fcgr,3,RBG-18-0388-1_S21_L001,1,0.087418154
GEN,lineage,CNN,fcgr,3,RBG-18-0391-1_S22_L001,1,0.09059172
GEN,lineage,CNN,fcgr,3,RBG-18-0410-1_S12,0,0.08458128
GEN,lineage,CNN,fcgr,3,RBG-18-0421-1_S53,1,0.08752577
GEN,lineage,CNN,fcgr,3,RBG-18-0437-1_S54,0,0.1019811
GEN,lineage,CNN,fcgr,3,RBK-16-124-1_S16,0,0.27665448
GEN,lineage,CNN,fcgr,3,RBK-17-0457-1_S6,1,0.086484484
GEN,lineage,CNN,fcgr,3,RBK-17-0492-1_S8,1,0.09064536
GEN,lineage,CNN,fcgr,3,RBK-17-0588-1_S24,0,0.083836585
GEN,lineage,CNN,fcgr,3,RBK-17-0601-1_S25,0,0.0847569
GEN,lineage,CNN,fcgr,3,RBK-17-0612-1_S27,1,0.08498799
GEN,lineage,CNN,fcgr,3,RBK-17-0655-5_S182,0,0.08742929
GEN,lineage,CNN,fcgr,3,RBK-18-0022-1_S197,0,0.54692537
GEN,lineage,CNN,fcgr,3,RBK-18-0077-1_S212,1,0.08498799
GEN,lineage,CNN,fcgr,3,RBK-18-0236-2_S52_2,0,0.09783735
GEN,lineage,CNN,fcgr,3,RBKk-18-0108-1_S201,0,0.087867685
GEN,lineage,CNN,fcgr,3,RBL-17-0093-1_S146,0,0.08850463
GEN,lineage,CNN,fcgr,3,RBL-17-0107-1_S150,0,0.08803792
GEN,lineage,CNN,fcgr,3,RBL-17-0113-1_S153,1,0.08534007
GEN,lineage,CNN,fcgr,3,RBL-17-0136-1_S161,0,0.09153068
GEN,lineage,CNN,fcgr,3,RBL-17-0199-1_S174,0,0.08527626
GEN,lineage,CNN,fcgr,3,RBL-17-0217-1_S176,0,0.27059257
GEN,lineage,CNN,fcgr,3,RBL-17-0226-1_S41,1,0.085281916
GEN,lineage,CNN,fcgr,3,RBL-17-0242-1_S42,1,0.08203217
GEN,lineage,CNN,fcgr,3,RBL-17-0244-1_S44,0,0.08572692
GEN,lineage,CNN,fcgr,3,RBL-17-0261-1_S100,0,0.383099
GEN,lineage,CNN,fcgr,3,RBL-17-0264-1_S103,0,0.08934645
GEN,lineage,CNN,fcgr,3,RBL-17-0305-1_S49,1,0.092688374
GEN,lineage,CNN,fcgr,3,RBL-17-0307-1_S51,1,0.0847569
GEN,lineage,CNN,fcgr,3,RBL-17-0323-1_S115,0,0.0899376
GEN,lineage,CNN,fcgr,3,RBL-17-0350-1_S106,0,0.0901138
GEN,lineage,CNN,fcgr,3,RBL-17-0359-1_S66,1,0.08446314
GEN,lineage,CNN,fcgr,3,RBL-17-0360-1_S108,0,0.68593043
GEN,lineage,CNN,fcgr,3,RBL-17-0391-1_S122,0,0.52321684
GEN,lineage,CNN,fcgr,3,RBL-17-0392-1_S69,1,0.092688374
GEN,lineage,CNN,fcgr,3,RBL-17-0432-1_S132,0,0.088007845
GEN,lineage,CNN,fcgr,3,RBL-17-060-1_S17,0,0.0876565
GEN,lineage,CNN,fcgr,3,RBL-18-0037-1_S168,0,0.18478951
GEN,lineage,CNN,fcgr,3,RBL-18-0048-1_S44,0,0.09084327
GEN,lineage,CNN,fcgr,3,RBL-18-0059-1_S171,0,0.08875806
GEN,lineage,CNN,fcgr,3,RBL-18-0076-1_S47,0,0.085015245
GEN,lineage,CNN,fcgr,3,RBL-18-0090-1_S48,0,0.084667236
GEN,lineage,CNN,fcgr,3,RBL-18-0093-1_S49,0,0.08557634
GEN,lineage,CNN,fcgr,3,RBL-18-0098-1_S178,0,0.084653854
GEN,lineage,CNN,fcgr,3,RBL-18-0194-1_S195_2,1,0.092180714
GEN,lineage,CNN,fcgr,3,RBL-18-0343-1_S6,0,0.08737308
GEN,lineage,CNN,fcgr,3,RBL-18-0467-1_S228_2,1,0.100342214
GEN,lineage,CNN,fcgr,3,RBL-18-0500-1_S230_2,0,0.092319615
GEN,lineage,CNN,fcgr,3,RBT-16-0024-1_S10,1,0.089513674
GEN,lineage,CNN,fcgr,3,RBT-16-0038-1_S11,0,0.08573301
GEN,lineage,CNN,fcgr,3,RBT-17-0009-1_S21,0,0.09255144
GEN,lineage,CNN,fcgr,3,RBT-17-0039-1_S28,1,0.08732433
GEN,lineage,CNN,fcgr,3,RBT-17-0102-1_S37,0,0.085685596
GEN,lineage,CNN,fcgr,3,RBT-17-0149-1_S13,0,0.10102388
GEN,lineage,CNN,fcgr,3,RBT-17-0188-1_S68,0,0.6099281
GEN,lineage,CNN,fcgr,3,RBT-17-0249-1_S61,1,0.085121855
GEN,lineage,CNN,fcgr,3,RBT-17-0328-1_S16,0,0.088745356
GEN,lineage,CNN,fcgr,3,RBT-17-0339-1_S20,0,0.08874789
GEN,lineage,CNN,fcgr,3,RBT-18-0021-1_S56,1,0.0847569
GEN,lineage,CNN,fcgr,3,RBT-18-0053-1_S36,1,0.08574497
GEN,lineage,CNN,fcgr,3,RBT-18-0179-1_S37,0,0.6105502
GEN,lineage,CNN,fcgr,3,RBT-18-0205-1_S6,1,0.08725711
GEN,lineage,CNN,fcgr,3,RBT-18-0227-1_S46,1,0.087289445
GEN,lineage,CNN,fcgr,3,RBT-18-0234-1_S15,1,0.08757294
GEN,lineage,CNN,fcgr,3,RBT-18-0265-1_S59,0,0.18227796
GEN,lineage,CNN,fcgr,3,RBT-18-0278-1_S64,0,0.08800584
GEN,lineage,CNN,fcgr,3,RBT-18-0284-1_S66,1,0.08474502
GEN,lineage,CNN,fcgr,3,RBT-18-0296-1_S72,1,0.08768591
GEN,lineage,CNN,fcgr,3,RBT-18-0308-1_S34,0,0.091544546
GEN,lineage,CNN,fcgr,3,RBT-18-0324-1_S57,1,0.083633676
GEN,lineage,CNN,fcgr,3,RBT-18-0335-1_S41,1,0.0837531
GEN,lineage,CNN,fcgr,3,RBT-18-0337-1_S46,0,0.084285766
GEN,lineage,CNN,fcgr,3,RBT-18-0351-1_S48,0,0.61070204
GEN,lineage,CNN,fcgr,3,RBT-18-0363-1_S72,1,0.08562804
GEN,lineage,CNN,fcgr,3,RBT-18-0372-1_S31,0,0.08862999
GEN,lineage,CNN,fcgr,3,RBT-18-0391-1_S35,0,0.08651132
GEN,lineage,CNN,fcgr,3,RBT-18-0392-1_S56,0,0.08807603
GEN,lineage,CNN,fcgr,3,RBT-18-0401-1_S43,0,0.088974774
GEN,lineage,CNN,fcgr,3,ResetH127_S6_L001,1,0.08763728
GEN,lineage,CNN,fcgr,3,ResetH129_S7_L001,1,0.090427615
GEN,lineage,CNN,fcgr,3,ResetH131_S7_L001,0,0.084964074
GEN,lineage,CNN,fcgr,3,ResetH132_S1_L001,0,0.08749864
GEN,lineage,CNN,fcgr,3,ResetH49b_S6_L001,0,0.09272697
GEN,lineage,CNN,fcgr,3,ResetH63_S7_L001,0,0.0847569
GEN,lineage,CNN,fcgr,3,ResetH75_S2_L001,1,0.08650767
GEN,lineage,CNN,fcgr,3,ResetV260_S5_L001,0,0.08760696
GEN,lineage,CNN,fcgr,3,Survcare187_S32,0,0.083250225
GEN,lineage,CNN,fcgr,3,Survcare236_S5_L001,1,0.09843462
GEN,lineage,CNN,fcgr,3,Survcare253_S35,0,0.54009104
GEN,lineage,CNN,fcgr,3,Survcare265_S20,1,0.089957446
GEN,lineage,CNN,fcgr,3,Survcare327_S1,0,0.08610642
GEN,lineage,CNN,fcgr,3,Survcare329_S3,0,0.6825411
GEN,lineage,CNN,fcgr,3,Survcare341_S25,0,0.08270292
GEN,lineage,CNN,fcgr,3,V108_S2_L001,0,0.65933955
GEN,lineage,CNN,fcgr,3,V111_S3_L001,0,0.5634268
GEN,lineage,CNN,fcgr,3,V113_S3_L001,0,0.65418094
GEN,lineage,CNN,fcgr,3,V282_S4_L001,0,0.089890756
GEN,lineage,CNN,fcgr,3,V291_S5_L001,1,0.08626531
GEN,lineage,CNN,fcgr,3,V295_S7_L001,0,0.08670182
GEN,lineage,CNN,fcgr,3,V89_S1_L001,0,0.5823002
GEN,lineage,CNN,fcgr,3,W2RBK-17-168-1_S33,0,0.08406385
GEN,lineage,CNN,fcgr,3,W2RBK-17-169-1_S34,0,0.09539056
GEN,lineage,CNN,fcgr,3,W2RBL-16-018-1_S15,1,0.09026911
GEN,lineage,CNN,fcgr,3,wdh-RBB-17-170-1_S16,0,0.08624079
GEN,lineage,CNN,fcgr,3,wdh-RBF-17-0572-1_S43,0,0.09771258
GEN,lineage,CNN,fcgr,3,wdhRBF-10-0002-1_S10_L001,1,0.08649414
GEN,lineage,CNN,fcgr,3,wdhRBF-17-0567-1_S122,0,0.08992322
GEN,lineage,CNN,fcgr,3,wdhRBF-18-0049-1_S13_L001,0,0.56919914
GEN,lineage,CNN,fcgr,3,WDHRBG-16-049-1_S87,0,0.6516979
GEN,lineage,CNN,fcgr,3,WDHRBG-17-008-1_S83,0,0.64525324
GEN,lineage,CNN,fcgr,3,wRBF-17-0146-1_S35,1,0.085121855
GEN,lineage,CNN,fcgr,3,wRBG-16-033-1_S153,0,0.08815642
GEN,lineage,CNN,fcgr,3,wRBG-17-055-1_S163,0,0.08674331
GEN,lineage,CNN,fcgr,3,wRBG-17-057-1_S141,0,0.09613817
GEN,lineage,CNN,fcgr,3,wRBG-17-106-1_S125,1,0.092348725
GEN,lineage,CNN,fcgr,3,wwRBB-16-112-1_S1,1,0.09555622
GEN,lineage,CNN,fcgr,3,wwRBF-16-007-1_S10,1,0.08371931
GEN,lineage,CNN,fcgr,3,wwRBF-17-167-1_S31,1,0.087578624
GEN,lineage,CNN,fcgr,3,wwRBF-17-189-1_S32,1,0.0865376
GEN,lineage,CNN,fcgr,3,wwRBF-17-209-1_S34,1,0.09133917
GEN,lineage,CNN,fcgr,3,wwRBK-16-023-1_S5,0,0.10039116
GEN,lineage,CNN,fcgr,3,wwRBK-17-0148-1_S37,1,0.08809191
GEN,lineage,CNN,fcgr,3,wwRBK-17-0148-2_S38,1,0.085283905
GEN,lineage,CNN,fcgr,3,wwRBK-17-0197-1_S39,1,0.087447114
GEN,lineage,CNN,fcgr,3,wwRBK-17-075-1_S28,1,0.08565063
GEN,lineage,CNN,fcgr,3,wwRBL-17-004-1_S44,1,0.08638107
GEN,lineage,CNN,fcgr,4,H119_S7_L001,1,0.83138764
GEN,lineage,CNN,fcgr,4,H157_S3_L001,0,0.8419691
GEN,lineage,CNN,fcgr,4,H38_S4_L001,0,0.68707216
GEN,lineage,CNN,fcgr,4,H66_S1_L001,1,0.5062872
GEN,lineage,CNN,fcgr,4,H69_S6_L001,0,0.8378604
GEN,lineage,CNN,fcgr,4,H83_S7_L001,0,0.28652668
GEN,lineage,CNN,fcgr,4,NNRBG-17-0193-1_S2,0,0.10378842
GEN,lineage,CNN,fcgr,4,NNRBG-17-0243-1_S12,0,0.30410007
GEN,lineage,CNN,fcgr,4,NNRBG-17-0298-1_S19,0,0.15573187
GEN,lineage,CNN,fcgr,4,NNRBG-17-0346-1_S30,0,0.7208442
GEN,lineage,CNN,fcgr,4,RBB-18-0546-1_S22_L001,0,0.4879961
GEN,lineage,CNN,fcgr,4,RBB-18-0665-1_S23_L001,0,0.5703282
GEN,lineage,CNN,fcgr,4,RBB-18-0972-1_S203_2,1,0.6714318
GEN,lineage,CNN,fcgr,4,RBB-18-1393-1_S48,0,0.48313147
GEN,lineage,CNN,fcgr,4,RBF-16-073-1_S23,0,0.7933524
GEN,lineage,CNN,fcgr,4,RBF-17-0178-1_S139,0,0.83739513
GEN,lineage,CNN,fcgr,4,RBF-17-0424-1_S15,0,0.6792392
GEN,lineage,CNN,fcgr,4,RBF-17-0450-1_S10,0,0.6791246
GEN,lineage,CNN,fcgr,4,RBF-17-0523-1_S30,0,0.19320546
GEN,lineage,CNN,fcgr,4,RBF-17-0532-1_S80,0,0.40908784
GEN,lineage,CNN,fcgr,4,RBF-17-0532-2_S31,0,0.3977798
GEN,lineage,CNN,fcgr,4,RBF-17-0616-1_S96,0,0.27637497
GEN,lineage,CNN,fcgr,4,RBF-17-0630-1_S59,0,0.23629902
GEN,lineage,CNN,fcgr,4,RBF-17-0632-1_S97,0,0.1530137
GEN,lineage,CNN,fcgr,4,RBF-17-266-1_S70,1,0.43695527
GEN,lineage,CNN,fcgr,4,RBF-18-0027-1_S5,1,0.70619464
GEN,lineage,CNN,fcgr,4,RBF-18-0064-2_S14,0,0.1427625
GEN,lineage,CNN,fcgr,4,RBF-18-0069-1_S78,1,0.31912088
GEN,lineage,CNN,fcgr,4,RBF-18-0088-1_S24,1,0.4096473
GEN,lineage,CNN,fcgr,4,RBF-18-0093-1_S80,1,0.7525344
GEN,lineage,CNN,fcgr,4,RBF-18-0099-1_S26,0,0.15560398
GEN,lineage,CNN,fcgr,4,RBF-18-0132-1_S26,0,0.19303252
GEN,lineage,CNN,fcgr,4,RBF-18-0135-1_S34,1,0.39917773
GEN,lineage,CNN,fcgr,4,RBF-18-0147-1_S36,0,0.39091283
GEN,lineage,CNN,fcgr,4,RBF-18-0163-2_S39,0,0.21648616
GEN,lineage,CNN,fcgr,4,RBF-18-0200-1_S48,0,0.1915437
GEN,lineage,CNN,fcgr,4,RBF-18-0208-2_S11_L001,0,0.092584595
GEN,lineage,CNN,fcgr,4,RBF-18-0252-1_S56,0,0.6595239
GEN,lineage,CNN,fcgr,4,RBF-18-0259-1_S33,0,0.18598771
GEN,lineage,CNN,fcgr,4,RBF-18-0282-1_S63,0,0.71337575
GEN,lineage,CNN,fcgr,4,RBF-18-0321-1_S69,0,0.6230717
GEN,lineage,CNN,fcgr,4,RBF-18-0339-1_S37,0,0.40362617
GEN,lineage,CNN,fcgr,4,RBF-18-0634-1_S183,0,0.29828233
GEN,lineage,CNN,fcgr,4,RBG-18-0077-1_S9,1,0.3229821
GEN,lineage,CNN,fcgr,4,RBG-18-0083-1_S12,0,0.33055782
GEN,lineage,CNN,fcgr,4,RBG-18-0108-1_S16,0,0.14465143
GEN,lineage,CNN,fcgr,4,RBG-18-0166-1_S10_L001,0,0.14799687
GEN,lineage,CNN,fcgr,4,RBG-18-0194-1_S45,0,0.29941866
GEN,lineage,CNN,fcgr,4,RBG-18-0239-1_S4,0,0.19987868
GEN,lineage,CNN,fcgr,4,RBG-18-0308-1_S54,0,0.46927795
GEN,lineage,CNN,fcgr,4,RBG-18-0312-1_S55,0,0.6853726
GEN,lineage,CNN,fcgr,4,RBG-18-0355-1_S19_L001,0,0.19809768
GEN,lineage,CNN,fcgr,4,RBG-18-0381-1_S49,0,0.15132956
GEN,lineage,CNN,fcgr,4,RBG-18-0417-1_S52,0,0.3937111
GEN,lineage,CNN,fcgr,4,RBK-17-049-1_S62,0,0.49246016
GEN,lineage,CNN,fcgr,4,RBK-18-0060-1_S22,0,0.696866
GEN,lineage,CNN,fcgr,4,RBK-18-0104-1_S206,0,0.11894432
GEN,lineage,CNN,fcgr,4,RBL-17-0118-1_S156,0,0.22366816
GEN,lineage,CNN,fcgr,4,RBL-17-0172-1_S170,0,0.101467945
GEN,lineage,CNN,fcgr,4,RBL-17-0189-1_S172,0,0.22519973
GEN,lineage,CNN,fcgr,4,RBL-17-0306-1_S50,1,0.31937164
GEN,lineage,CNN,fcgr,4,RBL-17-0320-1_S114,0,0.7573516
GEN,lineage,CNN,fcgr,4,RBL-17-0327-1_S116,0,0.15589297
GEN,lineage,CNN,fcgr,4,RBL-17-0332-1_S118,0,0.4955443
GEN,lineage,CNN,fcgr,4,RBL-17-0390-1_S121,0,0.15255195
GEN,lineage,CNN,fcgr,4,RBL-17-075-1_S18,1,0.49643114
GEN,lineage,CNN,fcgr,4,RBL-18-0002-1_S158,0,0.19748317
GEN,lineage,CNN,fcgr,4,RBL-18-0021-1_S42,0,0.42711666
GEN,lineage,CNN,fcgr,4,RBL-18-0242-1_S51,0,0.15950596
GEN,lineage,CNN,fcgr,4,RBT-17-0022-1_S24,0,0.19758283
GEN,lineage,CNN,fcgr,4,RBT-17-0027-1_S3,0,0.14282306
GEN,lineage,CNN,fcgr,4,RBT-17-0099-1_S35,0,0.71801746
GEN,lineage,CNN,fcgr,4,RBT-17-0107-1_S39,0,0.17074926
GEN,lineage,CNN,fcgr,4,RBT-17-0118-1_S45,0,0.50145715
GEN,lineage,CNN,fcgr,4,RBT-17-0133-1_S6,0,0.8348291
GEN,lineage,CNN,fcgr,4,RBT-17-0138-1_S52,0,0.7315283
GEN,lineage,CNN,fcgr,4,RBT-17-0161-1_S57,0,0.10321933
GEN,lineage,CNN,fcgr,4,RBT-17-0168-1_S61,0,0.3142367
GEN,lineage,CNN,fcgr,4,RBT-17-0178-1_S66,0,0.15358996
GEN,lineage,CNN,fcgr,4,RBT-17-0256-1_S25,0,0.42584923
GEN,lineage,CNN,fcgr,4,RBT-17-0285-1_S66,0,0.56273574
GEN,lineage,CNN,fcgr,4,RBT-17-0291-1_S14,1,0.43557635
GEN,lineage,CNN,fcgr,4,RBT-18-0004-1_S51,1,0.83438516
GEN,lineage,CNN,fcgr,4,RBT-18-0017-1_S67,0,0.094778195
GEN,lineage,CNN,fcgr,4,RBT-18-0042-1_S60,0,0.09922741
GEN,lineage,CNN,fcgr,4,RBT-18-0046-1_S2,0,0.29871663
GEN,lineage,CNN,fcgr,4,RBT-18-0056-1_S37,0,0.102687076
GEN,lineage,CNN,fcgr,4,RBT-18-0102-1_S23,0,0.10260865
GEN,lineage,CNN,fcgr,4,RBT-18-0110-1_S27,0,0.71801746
GEN,lineage,CNN,fcgr,4,RBT-18-0122-1_S63,0,0.2749871
GEN,lineage,CNN,fcgr,4,RBT-18-0141-1_S32,0,0.0988762
GEN,lineage,CNN,fcgr,4,RBT-18-0247-1_S16,1,0.83261645
GEN,lineage,CNN,fcgr,4,RBT-18-0259-1_S55,0,0.42818892
GEN,lineage,CNN,fcgr,4,RBT-18-0263-1_S58,0,0.197524
GEN,lineage,CNN,fcgr,4,RBT-18-0275-1_S63,0,0.19297177
GEN,lineage,CNN,fcgr,4,RBT-18-0283-1_S65,0,0.106480405
GEN,lineage,CNN,fcgr,4,RBT-18-0316-1_S43,0,0.15689993
GEN,lineage,CNN,fcgr,4,RBT-18-0331-1_S22,0,0.10254501
GEN,lineage,CNN,fcgr,4,RBT-18-0334-1_S23,0,0.10632847
GEN,lineage,CNN,fcgr,4,RBT-18-0340-1_S36,0,0.098094225
GEN,lineage,CNN,fcgr,4,RBT-18-0357-1_S27,0,0.10524979
GEN,lineage,CNN,fcgr,4,RBT-18-0364-1_S29,0,0.41811576
GEN,lineage,CNN,fcgr,4,RBT-18-0377-1_S1,0,0.38145226
GEN,lineage,CNN,fcgr,4,RBT-18-0384-1_S40,0,0.19894288
GEN,lineage,CNN,fcgr,4,RBT-18-0385-1_S34,0,0.102769546
GEN,lineage,CNN,fcgr,4,ResetH115_S6_L001,0,0.748881
GEN,lineage,CNN,fcgr,4,ResetH44_S3_L001,1,0.7556058
GEN,lineage,CNN,fcgr,4,ResetH8_S2_L001,0,0.5158706
GEN,lineage,CNN,fcgr,4,ResetH92_S4_L001,0,0.8363691
GEN,lineage,CNN,fcgr,4,ResetV143_S2_L001,1,0.46645847
GEN,lineage,CNN,fcgr,4,ResetV161_S3_L001,0,0.7367244
GEN,lineage,CNN,fcgr,4,ResetV210_S4_L001,1,0.36407807
GEN,lineage,CNN,fcgr,4,ResetV288_S6_L001,1,0.55750275
GEN,lineage,CNN,fcgr,4,RPG-18-0435-1_S32,0,0.098509036
GEN,lineage,CNN,fcgr,4,Survcare052_S22,0,0.76390165
GEN,lineage,CNN,fcgr,4,Survcare058_S26,0,0.502826
GEN,lineage,CNN,fcgr,4,Survcare125_S25,1,0.35770488
GEN,lineage,CNN,fcgr,4,Survcare244_S9_L001,0,0.69076633
GEN,lineage,CNN,fcgr,4,Survcare278_S62,1,0.62202656
GEN,lineage,CNN,fcgr,4,Survcare295_S8_L001,0,0.48738956
GEN,lineage,CNN,fcgr,4,Survcare310_S21_L001,1,0.55311424
GEN,lineage,CNN,fcgr,4,Survcare321_S18,0,0.50368434
GEN,lineage,CNN,fcgr,4,Survcare334_S10,0,0.34759507
GEN,lineage,CNN,fcgr,4,Survcare335_S11,1,0.34621337
GEN,lineage,CNN,fcgr,4,V130_S5_L001,1,0.3139725
GEN,lineage,CNN,fcgr,4,V139_S7_L001,0,0.31255254
GEN,lineage,CNN,fcgr,4,V153_S4_L001,1,0.5320348
GEN,lineage,CNN,fcgr,4,V155_S5_L001,1,0.530827
GEN,lineage,CNN,fcgr,4,V158_S4_L001,0,0.41829857
GEN,lineage,CNN,fcgr,4,V182_S6_L001,1,0.83469445
GEN,lineage,CNN,fcgr,4,V183_S7_L001,1,0.391486
GEN,lineage,CNN,fcgr,4,V215_S2_L001,1,0.5692258
GEN,lineage,CNN,fcgr,4,V268_S12_L001,1,0.3061074
GEN,lineage,CNN,fcgr,4,V271_S13_L001,0,0.31035557
GEN,lineage,CNN,fcgr,4,V289_S5_L001,1,0.5629503
GEN,lineage,CNN,fcgr,4,V71_S4_L001,1,0.82899016
GEN,lineage,CNN,fcgr,4,w2RBG-16-037-1_S34,0,0.6886864
GEN,lineage,CNN,fcgr,4,wdhRBF-17-0564-1_S230,0,0.51276076
GEN,lineage,CNN,fcgr,4,wdhRBF-18-0080-1_S17_L001,0,0.8352077
GEN,lineage,CNN,fcgr,4,wdhRBF-18-0098-1_S19_L001,0,0.21037123
GEN,lineage,CNN,fcgr,4,WDHRBG-16-050-1_S40,0,0.660109
GEN,lineage,CNN,fcgr,4,WDHRBG-16-062-1_S49,0,0.13986002
GEN,lineage,CNN,fcgr,4,WDHRBG-17-005-2_S61,0,0.15329003
GEN,lineage,CNN,fcgr,4,WDHRBG-17-0256-1_S17,0,0.37040684
GEN,lineage,CNN,fcgr,4,wdhRBL-17-0370-1_S232,0,0.7270979
GEN,lineage,CNN,fcgr,4,wRBG-16-024-1_S152,0,0.783508
GEN,lineage,CNN,fcgr,4,wRBG-16-027-1_S174,0,0.18536869
GEN,lineage,CNN,fcgr,4,wRBG-17-028-1_S100,0,0.21148184
GEN,lineage,CNN,fcgr,4,wRBG-17-030-1_S165,0,0.34660718
GEN,lineage,CNN,fcgr,4,wRBG-17-031-1_S154,0,0.21219616
GEN,lineage,CNN,fcgr,4,wRBG-17-047-1_S153,0,0.102113105
GEN,lineage,CNN,fcgr,4,wRBG-17-049-1_S142,0,0.31304637
GEN,lineage,CNN,fcgr,4,wRBG-17-073-1_S118,0,0.18778343
GEN,lineage,CNN,fcgr,4,wRBG-17-110-1_S168,0,0.3147628
GEN,lineage,CNN,fcgr,4,wwRBB-17-031-1_S25,0,0.7673363
GEN,lineage,CNN,fcgr,4,wwRBF-17-251-1_S33,0,0.48991826
GEN,lineage,CNN,fcgr,4,wwRBK-17-0298-1_S42,0,0.48445374
