antibiotic,split,model,encoding,auroc,auprc,mcc,f1,vme,me
CIP,lineage,CNN,fcgr,0.799 ± 0.111,0.754 ± 0.113,0.361 ± 0.445,0.556 ± 0.316,0.510 ± 0.280,0.129 ± 0.098
CIP,lineage,CNN,label,0.667 ± 0.140,0.677 ± 0.134,0.349 ± 0.447,0.559 ± 0.314,0.491 ± 0.294,0.154 ± 0.103
CIP,lineage,LR,label,0.757 ± 0.032,0.708 ± 0.067,0.443 ± 0.122,0.655 ± 0.092,0.405 ± 0.099,0.172 ± 0.095
CIP,lineage,LR,onehot,0.798 ± 0.053,0.739 ± 0.095,0.491 ± 0.199,0.675 ± 0.150,0.367 ± 0.203,0.177 ± 0.104
CIP,lineage,RF,label,0.802 ± 0.131,0.785 ± 0.116,0.409 ± 0.437,0.573 ± 0.328,0.510 ± 0.280,0.088 ± 0.071
CIP,lineage,RF,onehot,0.828 ± 0.080,0.806 ± 0.086,0.448 ± 0.431,0.589 ± 0.337,0.499 ± 0.288,0.066 ± 0.061
CIP,lineage,SVM,label,0.740 ± 0.052,0.677 ± 0.092,0.440 ± 0.087,0.649 ± 0.110,0.395 ± 0.153,0.186 ± 0.090
CIP,lineage,SVM,onehot,0.800 ± 0.064,0.727 ± 0.100,0.467 ± 0.178,0.656 ± 0.151,0.384 ± 0.219,0.188 ± 0.118
CIP,random,CNN,fcgr,0.943 ± 0.022,0.934 ± 0.030,0.780 ± 0.039,0.875 ± 0.025,0.145 ± 0.055,0.081 ± 0.040
CIP,random,CNN,label,0.940 ± 0.021,0.935 ± 0.034,0.768 ± 0.055,0.872 ± 0.032,0.131 ± 0.046,0.102 ± 0.016
CIP,random,LR,label,0.921 ± 0.032,0.897 ± 0.039,0.766 ± 0.074,0.871 ± 0.044,0.117 ± 0.075,0.118 ± 0.039
CIP,random,LR,onehot,0.922 ± 0.037,0.904 ± 0.047,0.776 ± 0.059,0.877 ± 0.036,0.107 ± 0.071,0.118 ± 0.037
CIP,random,RF,label,0.950 ± 0.028,0.950 ± 0.029,0.810 ± 0.057,0.894 ± 0.033,0.106 ± 0.058,0.086 ± 0.040
CIP,random,RF,onehot,0.951 ± 0.028,0.954 ± 0.026,0.810 ± 0.060,0.894 ± 0.035,0.106 ± 0.058,0.086 ± 0.040
CIP,random,SVM,label,0.911 ± 0.037,0.874 ± 0.042,0.744 ± 0.089,0.861 ± 0.049,0.117 ± 0.069,0.138 ± 0.050
CIP,random,SVM,onehot,0.915 ± 0.034,0.890 ± 0.038,0.755 ± 0.083,0.866 ± 0.048,0.109 ± 0.076,0.136 ± 0.042
CTX,lineage,CNN,fcgr,0.683 ± 0.139,0.617 ± 0.084,0.251 ± 0.405,0.504 ± 0.276,0.526 ± 0.288,0.217 ± 0.130
CTX,lineage,CNN,label,0.654 ± 0.161,0.623 ± 0.086,0.243 ± 0.369,0.488 ± 0.282,0.534 ± 0.297,0.207 ± 0.086
CTX,lineage,LR,label,0.665 ± 0.054,0.611 ± 0.042,0.309 ± 0.097,0.611 ± 0.069,0.385 ± 0.124,0.312 ± 0.163
CTX,lineage,LR,onehot,0.670 ± 0.032,0.604 ± 0.016,0.337 ± 0.016,0.624 ± 0.084,0.361 ± 0.164,0.320 ± 0.189
CTX,lineage,RF,label,0.720 ± 0.142,0.683 ± 0.090,0.283 ± 0.367,0.527 ± 0.265,0.508 ± 0.263,0.201 ± 0.087
CTX,lineage,RF,onehot,0.745 ± 0.089,0.698 ± 0.063,0.436 ± 0.026,0.659 ± 0.089,0.348 ± 0.204,0.258 ± 0.216
CTX,lineage,SVM,label,0.649 ± 0.066,0.601 ± 0.061,0.285 ± 0.102,0.592 ± 0.069,0.411 ± 0.116,0.314 ± 0.164
CTX,lineage,SVM,onehot,0.640 ± 0.037,0.573 ± 0.017,0.275 ± 0.033,0.595 ± 0.078,0.392 ± 0.133,0.341 ± 0.165
CTX,random,CNN,fcgr,0.825 ± 0.016,0.772 ± 0.041,0.484 ± 0.060,0.720 ± 0.033,0.227 ± 0.104,0.297 ± 0.143
CTX,random,CNN,label,0.794 ± 0.016,0.753 ± 0.032,0.490 ± 0.009,0.722 ± 0.012,0.249 ± 0.059,0.262 ± 0.061
CTX,random,LR,label,0.785 ± 0.042,0.730 ± 0.031,0.491 ± 0.065,0.718 ± 0.046,0.263 ± 0.086,0.246 ± 0.026
CTX,random,LR,onehot,0.791 ± 0.038,0.738 ± 0.043,0.491 ± 0.080,0.721 ± 0.048,0.257 ± 0.076,0.251 ± 0.034
CTX,random,RF,label,0.841 ± 0.012,0.810 ± 0.021,0.538 ± 0.074,0.747 ± 0.043,0.232 ± 0.057,0.228 ± 0.040
CTX,random,RF,onehot,0.844 ± 0.010,0.811 ± 0.023,0.540 ± 0.075,0.748 ± 0.044,0.229 ± 0.060,0.228 ± 0.036
CTX,random,SVM,label,0.770 ± 0.044,0.716 ± 0.030,0.449 ± 0.065,0.698 ± 0.038,0.282 ± 0.061,0.268 ± 0.038
CTX,random,SVM,onehot,0.760 ± 0.046,0.703 ± 0.042,0.455 ± 0.086,0.700 ± 0.051,0.276 ± 0.086,0.268 ± 0.043
CTZ,lineage,CNN,fcgr,0.769 ± 0.091,0.593 ± 0.125,0.312 ± 0.262,0.498 ± 0.211,0.495 ± 0.237,0.182 ± 0.076
CTZ,lineage,CNN,label,0.684 ± 0.076,0.564 ± 0.081,0.259 ± 0.285,0.441 ± 0.251,0.553 ± 0.267,0.168 ± 0.085
CTZ,lineage,LR,label,0.672 ± 0.061,0.533 ± 0.115,0.219 ± 0.208,0.430 ± 0.122,0.612 ± 0.115,0.188 ± 0.099
CTZ,lineage,LR,onehot,0.702 ± 0.049,0.550 ± 0.127,0.372 ± 0.161,0.561 ± 0.148,0.460 ± 0.204,0.203 ± 0.181
CTZ,lineage,RF,label,0.749 ± 0.117,0.591 ± 0.126,0.281 ± 0.258,0.406 ± 0.216,0.667 ± 0.201,0.092 ± 0.062
CTZ,lineage,RF,onehot,0.780 ± 0.068,0.612 ± 0.117,0.438 ± 0.136,0.578 ± 0.163,0.463 ± 0.245,0.150 ± 0.144
CTZ,lineage,SVM,label,0.648 ± 0.073,0.519 ± 0.095,0.168 ± 0.214,0.417 ± 0.120,0.603 ± 0.106,0.238 ± 0.113
CTZ,lineage,SVM,onehot,0.664 ± 0.075,0.514 ± 0.120,0.239 ± 0.159,0.500 ± 0.161,0.457 ± 0.201,0.308 ± 0.151
CTZ,random,CNN,fcgr,0.820 ± 0.043,0.700 ± 0.064,0.473 ± 0.059,0.660 ± 0.032,0.272 ± 0.113,0.250 ± 0.127
CTZ,random,CNN,label,0.806 ± 0.030,0.666 ± 0.088,0.475 ± 0.059,0.663 ± 0.039,0.253 ± 0.119,0.259 ± 0.088
CTZ,random,LR,label,0.785 ± 0.038,0.670 ± 0.053,0.457 ± 0.068,0.650 ± 0.041,0.319 ± 0.040,0.216 ± 0.044
CTZ,random,LR,onehot,0.807 ± 0.052,0.692 ± 0.073,0.524 ± 0.089,0.689 ± 0.056,0.297 ± 0.055,0.175 ± 0.038
CTZ,random,RF,label,0.846 ± 0.045,0.759 ± 0.083,0.576 ± 0.099,0.725 ± 0.064,0.246 ± 0.081,0.169 ± 0.049
CTZ,random,RF,onehot,0.848 ± 0.044,0.764 ± 0.079,0.579 ± 0.097,0.727 ± 0.062,0.243 ± 0.075,0.169 ± 0.049
CTZ,random,SVM,label,0.759 ± 0.022,0.610 ± 0.029,0.455 ± 0.038,0.648 ± 0.023,0.322 ± 0.029,0.214 ± 0.023
CTZ,random,SVM,onehot,0.761 ± 0.046,0.621 ± 0.081,0.467 ± 0.087,0.654 ± 0.054,0.326 ± 0.054,0.201 ± 0.041
GEN,lineage,CNN,fcgr,0.650 ± 0.164,0.322 ± 0.050,0.153 ± 0.226,0.326 ± 0.185,0.583 ± 0.271,0.219 ± 0.098
GEN,lineage,CNN,label,0.530 ± 0.103,0.263 ± 0.067,0.017 ± 0.174,0.231 ± 0.153,0.684 ± 0.232,0.270 ± 0.133
GEN,lineage,LR,label,0.593 ± 0.038,0.320 ± 0.063,0.114 ± 0.110,0.285 ± 0.080,0.721 ± 0.104,0.163 ± 0.044
GEN,lineage,LR,onehot,0.624 ± 0.037,0.343 ± 0.057,0.199 ± 0.039,0.374 ± 0.075,0.635 ± 0.125,0.179 ± 0.140
GEN,lineage,RF,label,0.652 ± 0.159,0.386 ± 0.098,0.163 ± 0.192,0.288 ± 0.179,0.744 ± 0.170,0.095 ± 0.040
GEN,lineage,RF,onehot,0.669 ± 0.155,0.388 ± 0.088,0.165 ± 0.193,0.290 ± 0.181,0.738 ± 0.179,0.098 ± 0.047
GEN,lineage,SVM,label,0.609 ± 0.039,0.321 ± 0.093,0.108 ± 0.054,0.300 ± 0.051,0.698 ± 0.065,0.193 ± 0.037
GEN,lineage,SVM,onehot,0.626 ± 0.013,0.328 ± 0.073,0.186 ± 0.038,0.380 ± 0.112,0.575 ± 0.189,0.235 ± 0.161
GEN,random,CNN,fcgr,0.773 ± 0.024,0.463 ± 0.043,0.322 ± 0.077,0.479 ± 0.094,0.307 ± 0.262,0.330 ± 0.147
GEN,random,CNN,label,0.709 ± 0.119,0.429 ± 0.112,0.307 ± 0.176,0.433 ± 0.244,0.381 ± 0.355,0.265 ± 0.176
GEN,random,LR,label,0.696 ± 0.054,0.406 ± 0.078,0.244 ± 0.031,0.441 ± 0.028,0.478 ± 0.064,0.253 ± 0.026
GEN,random,LR,onehot,0.715 ± 0.053,0.429 ± 0.074,0.284 ± 0.043,0.468 ± 0.029,0.462 ± 0.044,0.230 ± 0.039
GEN,random,RF,label,0.780 ± 0.025,0.544 ± 0.057,0.335 ± 0.030,0.504 ± 0.025,0.393 ± 0.109,0.238 ± 0.060
GEN,random,RF,onehot,0.778 ± 0.031,0.541 ± 0.061,0.357 ± 0.052,0.521 ± 0.038,0.372 ± 0.113,0.233 ± 0.047
GEN,random,SVM,label,0.640 ± 0.038,0.341 ± 0.071,0.196 ± 0.032,0.409 ± 0.025,0.510 ± 0.043,0.272 ± 0.015
GEN,random,SVM,onehot,0.640 ± 0.054,0.348 ± 0.070,0.203 ± 0.035,0.415 ± 0.025,0.500 ± 0.050,0.275 ± 0.036
